Workbook

Sheet Liability Summary
A1: Liability Summary
B2: Year | C2: Actual Property For Review | E2: Amount Remediated (C) | G2: Amount Unresolved (U) | M2: Unclaimed Property for Extrapolation Base | N2: Revenue | O2: Percentage Unclaimed
C3: =SUM(C5:C19) | E3: =SUM(E5:E19) | G3: =SUM(G5:G19) | M3: =SUM(M5:M19) | N3: =SUM(N5:N7) | O3: =M3/N3
B5: 2021 | C5: =GETPIVOTDATA("For Review",Pivot!$C$3,"Year","2021") | E5: =GETPIVOTDATA("For Review",Pivot!$C$9,"Year","2021","Remediation Status","Clear") | G5: =GETPIVOTDATA("For Review",Pivot!$C$9,"Year","2021","Remediation Status",) | M5: =G5 | N5: 610380066
B6: 2020 | C6: =GETPIVOTDATA("For Review",Pivot!$C$3,"Year","2020") | E6: =GETPIVOTDATA("For Review",Pivot!$C$9,"Year","2020","Remediation Status","Clear") | G6: =GETPIVOTDATA("For Review",Pivot!$C$9,"Year","2020","Remediation Status",) | M6: =G6 | N6: 610380066
B7: 2019 | C7: =GETPIVOTDATA("For Review",Pivot!$C$3,"Year","2019") | E7: =GETPIVOTDATA("For Review",Pivot!$C$9,"Year","2019","Remediation Status","Clear") | G7: =GETPIVOTDATA("For Review",Pivot!$C$9,"Year","2019","Remediation Status",) | M7: =G7 | N7: 936367274
B8: 2018 | N8: 871902720 | O8: 0.00033093425
B9: 2017 | N9: 945981332 | O9: 0.00033093425
B10: 2016 | N10: 650068873 | O10: 0.00033093425
B11: 2015 | N11: 671539905 | O11: 0.00033093425
B12: 2014 | N12: 652603477 | O12: 0.00033093425
B13: 2013 | N13: 629959474 | O13: 0.00033093425
B14: 2012 | N14: 634480785 | O14: 0.00033093425
B15: 2011 | N15: 531122462 | O15: 0.00033093425
B16: 2010 | N16: 3.4206417e+08 | O16: 0.00033093425
B17: 2009 | N17: 239892122 | O17: 0.00033093425
B18: 2008 | N18: 266770483 | O18: 0.00033093425
B19: 2007 | N19: 219892366 | O19: 0.00033093425
B21: Year | C21: Extrapolated Unclaimed | G21: Net Extrapolated Unclaimed Property | I21: Actual Unclaimed Property Due to DE | K21: Total Actual and Extrapolated Unclaimed Property Due to DE | M21: Current Due Unclaimed Property - DE (2007-2019) | N21: Future Due Unclaimed Property - DE (2020-2021)
C22: =SUM(C24:C39) | G22: =SUM(G24:G38) | I22: =SUM(I24:I26) | K22: =SUM(K24:K39) | M22: =SUM(M24:M38) | N22: =SUM(N24:N38)
B24: 2021 | I24: =GETPIVOTDATA("Unresolved Amount",Pivot!$C$17,"Year","2021","Due to State","DE") | K24: =SUM(G24,I24) | N24: =K24
B25: 2020 | I25: =GETPIVOTDATA("Unresolved Amount",Pivot!$C$17,"Year","2020","Due to State","DE") | K25: =SUM(G25,I25) | N25: =K25
B26: 2019 | I26: =GETPIVOTDATA("Unresolved Amount",Pivot!$C$17,"Year","2019","Due to State","DE") | K26: =SUM(G26,I26) | M26: =K26
B27: 2018 | C27: =IF(O8="","",O8*N8) | G27: =IF(C27="","",C27-IF(E27="",0,E27)) | K27: =SUM(G27,I27) | M27: =K27
B28: 2017 | C28: =IF(O9="","",O9*N9) | G28: =IF(C28="","",C28-IF(E28="",0,E28)) | K28: =SUM(G28,I28) | M28: =K28
B29: 2016 | C29: =IF(O10="","",O10*N10) | G29: =IF(C29="","",C29-IF(E29="",0,E29)) | K29: =SUM(G29,I29) | M29: =K29
B30: 2015 | C30: =IF(O11="","",O11*N11) | G30: =IF(C30="","",C30-IF(E30="",0,E30)) | K30: =SUM(G30,I30) | M30: =K30
B31: 2014 | C31: =IF(O12="","",O12*N12) | G31: =IF(C31="","",C31-IF(E31="",0,E31)) | K31: =SUM(G31,I31) | M31: =K31
B32: 2013 | C32: =IF(O13="","",O13*N13) | G32: =IF(C32="","",C32-IF(E32="",0,E32)) | K32: =SUM(G32,I32) | M32: =K32
B33: 2012 | C33: =IF(O14="","",O14*N14) | G33: =IF(C33="","",C33-IF(E33="",0,E33)) | K33: =SUM(G33,I33) | M33: =K33
B34: 2011 | C34: =IF(O15="","",O15*N15) | G34: =IF(C34="","",C34-IF(E34="",0,E34)) | K34: =SUM(G34,I34) | M34: =K34
B35: 2010 | C35: =IF(O16="","",O16*N16) | G35: =IF(C35="","",C35-IF(E35="",0,E35)) | K35: =SUM(G35,I35) | M35: =K35
B36: 2009 | C36: =IF(O17="","",O17*N17) | G36: =IF(C36="","",C36-IF(E36="",0,E36)) | K36: =SUM(G36,I36) | M36: =K36
B37: 2008 | C37: =IF(O18="","",O18*N18) | G37: =IF(C37="","",C37-IF(E37="",0,E37)) | K37: =SUM(G37,I37) | M37: =K37
B38: 2007 | C38: =IF(O19="","",O19*N19) | G38: =IF(C38="","",C38-IF(E38="",0,E38)) | K38: =SUM(G38,I38) | M38: =K38

Sheet Data File
A1: Data File
Z3: Remediation Legend
Z4: U = Unresolved | AA4: =COUNTIF(AA11:AA370,"U")
Z5: F = Filed | AA5: =COUNTIF(AA11:AA370,"F")
Z6: R = Returned | AA6: =COUNTIF(AA11:AA370,"R")
Z7: C = Clear | AA7: =COUNTIF(AA11:AA370,"C")
Z8: Total | AA8: =SUM(AA4:AA7)
A10: Property ID | B10: Item Number | C10: Date | D10: Amount | E10: Name | F10: Address 1 | G10: Address 2 | H10: City | I10: State | J10: Zip Code | K10: Year | L10: Claim State | M10: Sample Item | N10: Reconciliation Date | O10: Blank | P10: Customer ID | Q10: Description | R10: Stratum | S10: Address Property Status | T10: Address Status Code | U10: Exam Team Comments | V10: Estimation Property Status | W10: Due to State | X10: For Review | Y10: Remediation Status | Z10: Unresolved Amount | AA10: Remediation Code | AB10: Holder Comments | AC10: Documentation Provided | AD10: Company0197 Comments | AE10: Company1850 Code
A11: 000004 | B11: 10004 | C11: 43525 | D11: 29.28 | E11: Name 4 | K11: 2019 | W11: NY | X11: 29.28 | Y11: Clear | Z11: =IF(Y11="Clear",0,X11) | AA11: C | AE11: MS09
A12: 000005 | B12: 10005 | C12: 43697 | D12: 7668.89 | E12: Name 5 | K12: 2019 | W12: NY | X12: 7668.89 | Y12: Clear | Z12: =IF(Y12="Clear",0,X12) | AA12: C | AE12: MS09
A13: 000006 | B13: 10006 | C13: 43686 | D13: 2093.05 | E13: Name 6 | K13: 2019 | W13: NY | X13: 2093.05 | Z13: =IF(Y13="Clear",0,X13) | AA13: U | AE13: MS09
A14: 000007 | B14: 10007 | C14: 43542 | D14: 205.11 | E14: Name 7 | K14: 2019 | W14: PA | X14: 205.11 | Z14: =IF(Y14="Clear",0,X14) | AA14: U | AE14: MS09
A15: 000008 | B15: 10008 | C15: 43482 | D15: 262.98 | E15: Name 8 | K15: 2019 | W15: PA | X15: 262.98 | Z15: =IF(Y15="Clear",0,X15) | AA15: U | AE15: MS09
A16: 000009 | B16: 10009 | C16: 43588 | D16: 461.74 | E16: Name 9 | K16: 2019 | W16: PA | X16: 461.74 | Z16: =IF(Y16="Clear",0,X16) | AA16: U | AE16: MS09
A17: 000010 | B17: 10010 | C17: 43769 | D17: 263.44 | E17: Name 10 | K17: 2019 | W17: PA | X17: 263.44 | Z17: =IF(Y17="Clear",0,X17) | AA17: U | AE17: MS09
A18: 000011 | B18: 10011 | C18: 43731 | D18: 784.4 | E18: Name 11 | K18: 2019 | W18: PA | X18: 784.4 | Z18: =IF(Y18="Clear",0,X18) | AA18: U | AE18: MS09
A19: 000012 | B19: 10012 | C19: 43669 | D19: 110 | E19: Name 12 | K19: 2019 | W19: PA | X19: 110 | Z19: =IF(Y19="Clear",0,X19) | AA19: U | AE19: MS09
A20: 000013 | B20: 10013 | C20: 43626 | D20: 30.97 | E20: Name 13 | K20: 2019 | W20: PA | X20: 30.97 | Z20: =IF(Y20="Clear",0,X20) | AA20: U | AE20: MS09
A21: 000014 | B21: 10014 | C21: 43626 | D21: 26.39 | E21: Name 14 | K21: 2019 | W21: PA | X21: 26.39 | Z21: =IF(Y21="Clear",0,X21) | AA21: U | AE21: MS09
A22: 000015 | B22: 10015 | C22: 43602 | D22: 61.25 | E22: Name 15 | K22: 2019 | W22: PA | X22: 61.25 | Z22: =IF(Y22="Clear",0,X22) | AA22: U | AE22: MS09
A23: 000016 | B23: 10016 | C23: 43892 | D23: 2285.13 | E23: Name 16 | K23: 2020 | W23: PA | X23: 2285.13 | Y23: Clear | Z23: =IF(Y23="Clear",0,X23) | AA23: C | AE23: MS09
A24: 000020 | B24: 10020 | C24: 44006 | D24: 2504.86 | E24: Name 20 | K24: 2020 | W24: NC | X24: 2504.86 | Z24: =IF(Y24="Clear",0,X24) | AA24: U | AE24: MS09
A25: 000021 | B25: 10021 | C25: 43812 | D25: 3751.53 | E25: Name 21 | K25: 2019 | W25: GA | X25: 3751.53 | Z25: =IF(Y25="Clear",0,X25) | AA25: U | AE25: MS09
A26: 000022 | B26: 10022 | C26: 43625 | D26: 20.18 | E26: Name 22 | K26: 2019 | W26: GA | X26: 20.18 | Z26: =IF(Y26="Clear",0,X26) | AA26: U | AE26: MS09
A27: 000023 | B27: 10023 | C27: 43557 | D27: 44 | E27: Name 23 | K27: 2019 | W27: GA | X27: 44 | Z27: =IF(Y27="Clear",0,X27) | AA27: U | AE27: MS09
A28: 000024 | B28: 10024 | C28: 43872 | D28: 427.02 | E28: Name 24 | K28: 2020 | W28: GA | X28: 427.02 | Z28: =IF(Y28="Clear",0,X28) | AA28: U | AE28: MS09
A29: 000025 | B29: 10025 | C29: 43762 | D29: 456.42 | E29: Name 25 | K29: 2019 | W29: GA | X29: 456.42 | Z29: =IF(Y29="Clear",0,X29) | AA29: U | AE29: MS09
A30: 000026 | B30: 10026 | C30: 43616 | D30: 50.52 | E30: Name 26 | K30: 2019 | W30: GA | X30: 50.52 | Z30: =IF(Y30="Clear",0,X30) | AA30: U | AE30: MS09
A31: 000027 | B31: 10027 | C31: 43798 | D31: 6065.27 | E31: Name 27 | K31: 2019 | W31: FL | X31: 6065.27 | Z31: =IF(Y31="Clear",0,X31) | AA31: U | AE31: MS09
A32: 000028 | B32: 10028 | C32: 43669 | D32: 468.99 | E32: Name 28 | K32: 2019 | W32: FL | X32: 468.99 | Z32: =IF(Y32="Clear",0,X32) | AA32: U | AE32: MS09
A33: 000029 | B33: 10029 | C33: 43665 | D33: 101.06 | E33: Name 29 | K33: 2019 | W33: FL | X33: 101.06 | Z33: =IF(Y33="Clear",0,X33) | AA33: U | AE33: MS09
A34: 000030 | B34: 10030 | C34: 43649 | D34: 109.25 | E34: Name 30 | K34: 2019 | W34: FL | X34: 109.25 | Z34: =IF(Y34="Clear",0,X34) | AA34: U | AE34: MS09
A35: 000031 | B35: 10031 | C35: 43468 | D35: 1610.39 | E35: Name 31 | K35: 2019 | W35: FL | X35: 1610.39 | Z35: =IF(Y35="Clear",0,X35) | AA35: U | AE35: MS09
... A37: 000033 | B37: 10033 | C37: 44453 | D37: 152.89 | E37: Name 33 | K37: 2021 | W37: FL | X37: 152.89 | Z37: =IF(Y37="Clear",0,X37) | AA37: U | AE37: MS09
A38: 000034 | B38: 10034 | C38: 43640 | D38: 8977.92 | E38: Name 34 | K38: 2019 | W38: FL | X38: 8977.92 | Y38: Clear | Z38: =IF(Y38="Clear",0,X38) | AA38: C | AE38: MS09
A39: 000035 | B39: 10035 | C39: 43628 | D39: 8977.92 | E39: Name 35 | K39: 2019 | W39: FL | X39: 8977.92 | Z39: =IF(Y39="Clear",0,X39) | AA39: U | AE39: MS09
A40: 000036 | B40: 10036 | C40: 44378 | D40: 2426.33 | E40: Name 36 | K40: 2021 | W40: FL | X40: 2426.33 | Z40: =IF(Y40="Clear",0,X40) | AA40: U | AE40: MS09
A41: 000037 | B41: 10037 | C41: 43546 | D41: 130.67 | E41: Name 37 | K41: 2019 | W41: AL | X41: 130.67 | Z41: =IF(Y41="Clear",0,X41) | AA41: U | AE41: MS09
A42: 000038 | B42: 10038 | C42: 43683 | D42: 129.9 | E42: Name 38 | K42: 2019 | W42: TN | X42: 129.9 | Z42: =IF(Y42="Clear",0,X42) | AA42: U | AE42: MS09
A43: 000039 | B43: 10039 | C43: 44134 | D43: 2299.09 | E43: Name 39 | K43: 2020 | W43: TN | X43: 2299.09 | Z43: =IF(Y43="Clear",0,X43) | AA43: U | AE43: MS09
A44: 000040 | B44: 10040 | C44: 44062 | D44: 4252.2 | E44: Name 40 | K44: 2020 | W44: TN | X44: 47189.27 | Y44: Clear | Z44: =IF(Y44="Clear",0,X44) | AA44: C | AE44: MS09
A45: 000041 | B45: 10041 | C45: 43935 | D45: 11059.88 | E45: Name 41 | K45: 2020 | W45: TN | X45: 11059.88 | Z45: =IF(Y45="Clear",0,X45) | AA45: U | AE45: MS09
A46: 000042 | B46: 10042 | C46: 43543 | D46: 936.32 | E46: Name 42 | K46: 2019 | W46: TN | X46: 936.32 | Z46: =IF(Y46="Clear",0,X46) | AA46: U | AE46: MS09
A47: 000043 | B47: 10043 | C47: 43700 | D47: 23.78 | E47: Name 43 | K47: 2019 | W47: TN | X47: 23.78 | Z47: =IF(Y47="Clear",0,X47) | AA47: U | AE47: MS09
A48: 000044 | B48: 10044 | C48: 43642 | D48: 26.31 | E48: Name 44 | K48: 2019 | W48: TN | X48: 26.31 | Z48: =IF(Y48="Clear",0,X48) | AA48: U | AE48: MS09
A49: 000045 | B49: 10045 | C49: 44265 | D49: 20.38 | E49: Name 45 | K49: 2021 | W49: TN | X49: 20.38 | Z49: =IF(Y49="Clear",0,X49) | AA49: U | AE49: MS09
A50: 000046 | B50: 10046 | C50: 43523 | D50: 46.82 | E50: Name 46 | K50: 2019 | W50: TN | X50: 46.82 | Z50: =IF(Y50="Clear",0,X50) | AA50: U | AE50: MS09
A51: 000047 | B51: 10047 | C51: 43581 | D51: 51.94 | E51: Name 47 | K51: 2019 | W51: MN | X51: 51.94 | Z51: =IF(Y51="Clear",0,X51) | AA51: U | AE51: MS09
A52: 000048 | B52: 10048 | C52: 43516 | D52: 67.74 | E52: Name 48 | K52: 2019 | W52: MN | X52: 67.74 | Z52: =IF(Y52="Clear",0,X52) | AA52: U | AE52: MS09
A53: 000049 | B53: 10049 | C53: 43516 | D53: 49.94 | E53: Name 49 | K53: 2019 | W53: MN | X53: 49.94 | Z53: =IF(Y53="Clear",0,X53) | AA53: U | AE53: MS09
A54: 000050 | B54: 10050 | C54: 43516 | D54: 28.66 | E54: Name 50 | K54: 2019 | W54: MN | X54: 28.66 | Z54: =IF(Y54="Clear",0,X54) | AA54: U | AE54: MS09
A55: 000051 | B55: 10051 | C55: 43502 | D55: 54.08 | E55: Name 51 | K55: 2019 | W55: MN | X55: 54.08 | Z55: =IF(Y55="Clear",0,X55) | AA55: U | AE55: MS09
A56: 000052 | B56: 10052 | C56: 43516 | D56: 116.03 | E56: Name 52 | K56: 2019 | W56: MN | X56: 116.03 | Y56: Clear | Z56: =IF(Y56="Clear",0,X56) | AA56: C | AE56: MS09
A57: 000053 | B57: 10053 | C57: 43516 | D57: 100.14 | E57: Name 53 | K57: 2019 | W57: MN | X57: 100.14 | Z57: =IF(Y57="Clear",0,X57) | AA57: U | AE57: MS09
A58: 000054 | B58: 10054 | C58: 43502 | D58: 147.59 | E58: Name 54 | K58: 2019 | W58: MN | X58: 147.59 | Z58: =IF(Y58="Clear",0,X58) | AA58: U | AE58: MS09
A59: 000055 | B59: 10055 | C59: 43616 | D59: 5242.2 | E59: Name 55 | K59: 2019 | W59: IL | X59: 5242.2 | Z59: =IF(Y59="Clear",0,X59) | AA59: U | AE59: MS09
A60: 000056 | B60: 10056 | C60: 43616 | D60: 1227.2 | E60: Name 56 | K60: 2019 | W60: IL | X60: 1227.2 | Y60: Clear | Z60: =IF(Y60="Clear",0,X60) | AA60: C | AE60: MS09
A61: 000057 | B61: 10057 | C61: 43578 | D61: 1773.84 | E61: Name 57 | K61: 2019 | W61: IL | X61: 1773.84 | Z61: =IF(Y61="Clear",0,X61) | AA61: U | AE61: MS09
A62: 000058 | B62: 10058 | C62: 43497 | D62: 2378.14 | E62: Name 58 | K62: 2019 | W62: IL | X62: 2378.14 | Z62: =IF(Y62="Clear",0,X62) | AA62: U | AE62: MS09
A63: 000059 | B63: 10059 | C63: 43623 | D63: 3380.14 | E63: Name 59 | K63: 2019 | W63: IL | X63: 3380.14 | Z63: =IF(Y63="Clear",0,X63) | AA63: U | AE63: MS09
A64: 000060 | B64: 10060 | C64: 43705 | D64: 149.88 | E64: Name 60 | K64: 2019 | W64: IL | X64: 149.88 | Z64: =IF(Y64="Clear",0,X64) | AA64: U | AE64: MS09
A65: 000061 | B65: 10061 | C65: 43573 | D65: 101223.99 | E65: Name 61 | K65: 2019 | W65: IL | X65: 101223.99 | Z65: =IF(Y65="Clear",0,X65) | AA65: U | AE65: MS09
A66: 000062 | B66: 10062 | C66: 43551 | D66: 2062.52 | E66: Name 62 | K66: 2019 | W66: IL | X66: 2062.52 | Z66: =IF(Y66="Clear",0,X66) | AA66: U | AE66: MS09
A67: 000063 | B67: 10063 | C67: 43516 | D67: 784.01 | E67: Name 63 | K67: 2019 | W67: IL | X67: 784.01 | Z67: =IF(Y67="Clear",0,X67) | AA67: U | AE67: MS09
A68: 000064 | B68: 10064 | C68: 43472 | D68: 45769.61 | E68: Name 64 | K68: 2019 | W68: IL | X68: 45769.61 | Y68: Clear | Z68: =IF(Y68="Clear",0,X68) | AA68: C | AE68: MS09
A69: 000065 | B69: 10065 | C69: 43560 | D69: 2988.93 | E69: Name 65 | K69: 2019 | W69: IL | X69: 2988.93 | Z69: =IF(Y69="Clear",0,X69) | AA69: U | AE69: MS09
A70: 000066 | B70: 10066 | C70: 43640 | D70: 814.69 | E70: Name 66 | K70: 2019 | W70: IL | X70: 814.69 | Z70: =IF(Y70="Clear",0,X70) | AA70: U | AE70: MS09
A71: 000067 | B71: 10067 | C71: 43885 | D71: 60.56 | E71: Name 67 | K71: 2020 | W71: IL | X71: 60.56 | Z71: =IF(Y71="Clear",0,X71) | AA71: U | AE71: MS09
A72: 000068 | B72: 10068 | C72: 44076 | D72: 436.55 | E72: Name 68 | K72: 2020 | W72: MO | X72: 436.55 | Z72: =IF(Y72="Clear",0,X72) | AA72: U | AE72: MS09
A73: 000069 | B73: 10069 | C73: 44288 | D73: 5933.97 | E73: Name 69 | K73: 2021 | W73: MO | X73: 5933.97 | Z73: =IF(Y73="Clear",0,X73) | AA73: U | AE73: MS09
A74: 000070 | B74: 10070 | C74: 44288 | D74: 1206.5 | E74: Name 70 | K74: 2021 | W74: MO | X74: 1206.5 | Z74: =IF(Y74="Clear",0,X74) | AA74: U | AE74: MS09
A75: 000071 | B75: 10071 | C75: 44288 | D75: 785.32 | E75: Name 71 | K75: 2021 | W75: MO | X75: 785.32 | Z75: =IF(Y75="Clear",0,X75) | AA75: U | AE75: MS09
A76: 000072 | B76: 10072 | C76: 44288 | D76: 776.49 | E76: Name 72 | K76: 2021 | W76: MO | X76: 776.49 | Z76: =IF(Y76="Clear",0,X76) | AA76: U | AE76: MS09
A77: 000073 | B77: 10073 | C77: 43507 | D77: 500 | E77: Name 73 | K77: 2019 | W77: MO | X77: 500 | Y77: Clear | Z77: =IF(Y77="Clear",0,X77) | AA77: C | AE77: MS09
A78: 000074 | B78: 10074 | C78: 43648 | D78: 89.25 | E78: Name 74 | K78: 2019 | W78: MO | X78: 89.25 | Z78: =IF(Y78="Clear",0,X78) | AA78: U | AE78: MS09
A79: 000075 | B79: 10075 | C79: 43468 | D79: 1732.6 | E79: Name 75 | K79: 2019 | W79: MO | X79: 1732.6 | Z79: =IF(Y79="Clear",0,X79) | AA79: U | AE79: MS09
A80: 000076 | B80: 10076 | C80: 43475 | D80: 190.24 | E80: Name 76 | K80: 2019 | W80: TX | X80: 190.24 | Z80: =IF(Y80="Clear",0,X80) | AA80: U | AE80: MS09
A81: 000077 | B81: 10077 | C81: 43724 | D81: 95.34 | E81: Name 77 | K81: 2019 | W81: TX | X81: 95.34 | Z81: =IF(Y81="Clear",0,X81) | AA81: U | AE81: MS09
A82: 000078 | B82: 10078 | C82: 44005 | D82: 3654.84 | E82: Name 78 | K82: 2020 | W82: TX | X82: 3654.84 | Z82: =IF(Y82="Clear",0,X82) | AA82: U | AE82: MS09
A83: 000079 | B83: 10079 | C83: 43468 | D83: 7145.28 | E83: Name 79 | K83: 2019 | W83: TX | X83: 7145.28 | Y83: Clear | Z83: =IF(Y83="Clear",0,X83) | AA83: C | AE83: MS09
A84: 000080 | B84: 10080 | C84: 44442 | D84: 4161.94 | E84: Name 80 | K84: 2021 | W84: TX | X84: 4161.94 | Z84: =IF(Y84="Clear",0,X84) | AA84: U | AE84: MS09
A85: 000081 | B85: 10081 | C85: 44417 | D85: 6900.9 | E85: Name 81 | K85: 2021 | W85: TX | X85: 6900.9 | Z85: =IF(Y85="Clear",0,X85) | AA85: U | AE85: MS09
A86: 000082 | B86: 10082 | C86: 43948 | D86: 1149.11 | E86: Name 82 | K86: 2020 | W86: AZ | X86: 1149.11 | Z86: =IF(Y86="Clear",0,X86) | AA86: U | AE86: MS09
A87: 000083 | B87: 10083 | C87: 43726 | D87: 255 | E87: Name 83 | K87: 2019 | W87: GA | X87: 255 | Z87: =IF(Y87="Clear",0,X87) | AA87: U | AE87: MS09
A88: 000084 | B88: 10084 | C88: 43480 | D88: 39.75 | E88: Name 84 | K88: 2019 | W88: CA | X88: 39.75 | Z88: =IF(Y88="Clear",0,X88) | AA88: U | AE88: MS09
A89: 000085 | B89: 10085 | C89: 43570 | D89: 649.48 | E89: Name 85 | K89: 2019 | W89: CA | X89: 649.48 | Z89: =IF(Y89="Clear",0,X89) | AA89: U | AE89: MS09
A90: 000086 | B90: 10086 | C90: 43795 | D90: 604.31 | E90: Name 86 | K90: 2019 | W90: CA | X90: 604.31 | Z90: =IF(Y90="Clear",0,X90) | AA90: U | AE90: MS09
A91: 000087 | B91: 10087 | C91: 43605 | D91: 570.2 | E91: Name 87 | K91: 2019 | W91: CA | X91: 570.2 | Z91: =IF(Y91="Clear",0,X91) | AA91: U | AE91: MS09
A92: 000088 | B92: 10088 | C92: 43963 | D92: 35.28 | E92: Name 88 | K92: 2020 | W92: CA | X92: 35.28 | Z92: =IF(Y92="Clear",0,X92) | AA92: U | AE92: MS09
A93: 000089 | B93: 10089 | C93: 43998 | D93: 1153.29 | E93: Name 89 | K93: 2020 | W93: CA | X93: 1153.29 | Z93: =IF(Y93="Clear",0,X93) | AA93: U | AE93: MS09
A94: 000090 | B94: 10090 | C94: 43629 | D94: 882.04 | E94: Name 90 | K94: 2019 | W94: OR | X94: 882.04 | Z94: =IF(Y94="Clear",0,X94) | AA94: U | AE94: MS09
A95: 000091 | B95: 10091 | C95: 43602 | D95: 2492.59 | E95: Name 91 | K95: 2019 | W95: IL | X95: 2492.59 | Z95: =IF(Y95="Clear",0,X95) | AA95: U | AE95: MS09
A96: 000094 | B96: 10094 | C96: 44463 | D96: 7422.41 | E96: Name 94 | K96: 2021 | W96: DE | X96: 7422.41 | Y96: Clear | Z96: =IF(Y96="Clear",0,X96) | AA96: C | AE96: MS09
A97: 000095 | B97: 10095 | C97: 43733 | D97: 336 | E97: Name 95 | K97: 2019 | W97: DE | X97: 336 | Z97: =IF(Y97="Clear",0,X97) | AA97: U | AE97: MS09
A98: 000096 | B98: 10096 | C98: 44188 | D98: 1299.03 | E98: Name 96 | K98: 2020 | W98: DE | X98: 1299.03 | Z98: =IF(Y98="Clear",0,X98) | AA98: U | AE98: MS09
A99: 000097 | B99: 10097 | C99: 43637 | D99: 1002.9 | E99: Name 97 | K99: 2019 | W99: DE | X99: 1002.9 | Z99: =IF(Y99="Clear",0,X99) | AA99: U | AE99: MS09
A100: 000098 | B100: 10098 | C100: 44186 | D100: 483.88 | E100: Name 98 | K100: 2020 | W100: DE | X100: 483.88 | Z100: =IF(Y100="Clear",0,X100) | AA100: U | AE100: MS09
A101: 000099 | B101: 10099 | C101: 43637 | D101: 89 | E101: Name 99 | K101: 2019 | W101: DE | X101: 89 | Z101: =IF(Y101="Clear",0,X101) | AA101: U | AE101: MS09
A102: 000100 | B102: 10100 | C102: 43726 | D102: 50 | E102: Name 100 | K102: 2019 | W102: DE | X102: 50 | Z102: =IF(Y102="Clear",0,X102) | AA102: U | AE102: MS09
A103: 000101 | B103: 10101 | C103: 44449 | D103: 59124.12 | E103: Name 101 | K103: 2021 | W103: DE | X103: 59124.12 | Y103: Clear | Z103: =IF(Y103="Clear",0,X103) | AA103: C | AE103: MS09
...

Sheet Pivot
C2: Actual Property For Review
D3: Column Labels
D4: 2019 | E4: 2020 | F4: 2021 | G4: Grand Total
C5: Sum of For Review | D5: 473375.3 | E5: 159249.45 | F5: 1738748.7 | G5: 2371373.4
C8: Amount Remediated
C9: Sum of For Review | D9: Column Labels
C10: Row Labels | D10: 2019 | E10: 2020 | F10: 2021 | G10: Grand Total
C11: Clear | D11: 111894.73 | E11: 51308.3 | F11: 1494303.1 | G11: 1657506.1
C12: (blank) | D12: 361480.57 | E12: 107941.15 | F12: 244445.62 | G12: 713867.34
C13: Grand Total | D13: 473375.3 | E13: 159249.45 | F13: 1738748.7 | G13: 2371373.5
C16: Actual Unclaimed Property Due to DE
C17: Sum of Unresolved Amount | D17: Column Labels
C18: Row Labels | D18: 2019 | E18: 2020 | F18: 2021 | G18: Grand Total
C19: AL | D19: 130.67 | G19: 130.67
C20: AZ | E20: 1149.11 | G20: 1149.11
C21: CA | D21: 36931.99 | E21: 1188.57 | G21: 38120.56
C22: DE | D22: 55544.02 | E22: 77116.22 | F22: 199976.29 | G22: 332636.53
C23: FL | D23: 17810.36 | E23: 176.29 | F23: 2579.22 | G23: 20565.87
C24: GA | D24: 6278.83 | E24: 427.02 | G24: 6705.85
C25: IL | D25: 125131.1 | E25: 1074.65 | F25: 177.83 | G25: 126383.58
C26: MN | D26: 500.09 | G26: 500.09
C27: MO | D27: 1821.85 | E27: 436.55 | F27: 20729.06 | G27: 22987.46
C28: NC | E28: 2504.86 | G28: 2504.86
C29: NJ | D29: 44695.22 | G29: 44695.22
C30: NY | D30: 2093.05 | G30: 2093.05
C31: OH | E31: 4114.37 | G31: 4114.37
C32: OR | D32: 882.04 | G32: 882.04
C33: PA | D33: 68212.64 | E33: 2739.7 | G33: 70952.34
C34: TN | D34: 1163.13 | E34: 13358.97 | F34: 20.38 | G34: 14542.48
C35: TX | D35: 285.58 | E35: 3654.84 | F35: 20962.84 | G35: 24903.26
C36: Grand Total | D36: 361480.57 | E36: 107941.15 | F36: 244445.62 | G36: 713867.34
